acronym,value,is_seed
DR,0.997818350791931,True
ACA,0.0040218465931401,False
MOp,0.0198489315559763,False
MOs,0.0183452753002489,False
PL,0.0120962930986292,False
RSPd,0.0006118820849802,False
SSp-bfd,0.0031242443766559,False
SSs,0.0126893642272229,False
VISp,0.0009132403608854,False
